date,close,volume
2021-05-24 11:03:02,21.0800,71500
2021-05-25 10:40:34,20.9600,132000
2021-05-26 10:40:42,21.1200,350000
2021-05-27 10:40:45,20.8100,66500
2021-05-28 11:38:58,20.7800,25000
2021-05-31 11:02:43,21.7300,259000
2021-06-01 11:08:29,23.3600,968000
2021-06-02 10:42:18,23.1300,185000
2021-06-03 11:03:32,23.1700,81500
2021-06-04 12:03:47,23.3500,230500
2021-06-07 10:42:06,23.7200,399500
2021-06-08 11:08:55,23.4700,170000
2021-06-09 11:08:39,23.0700,70000
2021-06-10 10:41:18,23.3500,22500
2021-06-11 12:08:44,23.2700,116000
2021-06-14 10:43:46,23.4800,171500
2021-06-15 10:42:40,23.2300,13500
2021-06-16 10:42:46,22.9000,77000
2021-06-17 10:41:51,22.7700,23500
2021-06-18 11:38:53,22.7700,7500
2021-06-21 10:41:21,22.3400,62000
2021-06-22 10:40:48,22.1300,19000
2021-06-23 10:40:08,22.5000,1500
2021-06-24 10:40:41,22.2500,22000
2021-06-25 11:37:19,21.7500,49000
2021-06-28 10:39:42,21.4500,58500
2021-06-29 11:06:34,21.5400,112500
2021-06-30 11:06:16,21.5000,30500
2021-07-01 11:10:56,21.5000,78500
2021-07-02 12:13:34,21.7200,26000
2021-07-05 10:39:59,21.7600,187000
2021-07-06 10:39:21,22.4800,134500
2021-07-07 10:39:23,22.3900,16000
2021-07-08 10:39:37,22.2500,20500
2021-07-09 11:37:44,23.1500,97000
2021-07-12 10:39:04,22.9700,64000
2021-07-13 10:39:38,22.4500,98000
2021-07-14 11:03:07,22.0800,24500
2021-07-15 10:39:23,22.5000,59500
2021-07-16 11:37:47,22.5000,51000
2021-07-19 11:04:18,22.8100,29000
2021-07-23 11:36:48,22.9500,28000
2021-07-26 10:38:27,22.6800,21000
2021-07-27 10:39:31,22.9300,72500
2021-07-28 10:37:55,22.3300,24500
2021-07-29 10:37:13,22.3000,47500
2021-07-30 11:36:36,22.0000,196000
2021-08-02 11:08:47,21.9700,13500
2021-08-03 10:39:01,22.2000,108500
2021-08-04 10:40:01,23.0700,293500
2021-08-05 11:00:59,22.8600,39000
2021-08-06 11:27:50,22.4500,117500
2021-08-09 10:39:01,22.5000,68500
2021-08-10 11:01:25,22.4400,60500
2021-08-11 10:39:30,22.3000,2000
2021-08-12 11:11:19,22.7500,33000
2021-08-13 11:36:36,22.5000,9500
2021-08-16 10:37:36,22.3900,25000
2021-08-17 11:02:45,23.0400,565000
2021-08-20 12:09:50,23.7500,202500
2021-08-23 11:11:59,23.3000,120500
2021-08-24 10:38:41,23.1600,105500
2021-08-25 11:00:22,22.3600,417500
2021-08-26 10:38:02,21.8800,35500
2021-08-27 11:35:47,21.9700,50500
2021-08-30 10:38:19,22.2300,298000
2021-08-31 11:02:14,21.3900,146000
2021-09-01 10:39:21,22.0000,77000
2021-09-02 10:39:38,21.7400,12500
2021-09-03 11:36:44,21.6000,3500
2021-09-06 10:38:45,21.1800,29000
2021-09-07 10:37:45,21.9600,62500
2021-09-08 11:13:43,22.0300,19000
2021-09-09 11:01:44,22.0400,56000
2021-09-10 12:08:46,22.0300,23500
2021-09-13 10:38:44,21.7000,52500
2021-09-14 10:38:16,21.4800,18000
2021-09-15 10:37:35,21.5000,43500
2021-09-16 11:08:47,21.4700,27500
2021-09-17 11:36:18,21.7400,77500
2021-09-20 10:37:34,21.3300,40500
2021-09-21 11:03:08,21.3000,30000
2021-09-22 11:07:18,20.4600,52000
2021-09-23 10:36:50,20.5100,89000
2021-09-24 11:35:35,20.6800,22500
2021-09-27 11:07:59,20.5000,7000
2021-09-28 10:35:46,20.7000,59000
2021-09-29 10:36:58,20.2500,102000
2021-09-30 10:36:06,20.0000,235000
2021-10-01 12:00:39,20.5000,15500
2021-10-04 10:36:48,20.0000,98500
2021-10-05 11:10:32,19.8900,71000
2021-10-06 10:44:46,19.4100,55000
2021-10-07 10:44:20,19.3200,50000
2021-10-08 11:41:03,19.0000,12000
2021-10-11 10:41:36,18.5000,38500
2021-10-12 10:40:52,18.0600,63500
2021-10-13 11:05:26,17.8200,21500
2021-10-14 10:35:40,19.1100,56000
2021-10-15 11:35:47,19.5000,4000
2021-10-18 10:36:53,18.7500,40000
2021-10-20 11:04:19,18.8800,3000
2021-10-21 10:36:56,18.8700,2500
2021-10-22 11:35:57,18.3800,500
2021-10-25 13:00:00,19.4700,113500
2021-10-26 11:05:01,19.4400,3000
2021-10-27 11:07:42,19.5000,10500
2021-10-28 11:05:01,19.1200,131000
2021-10-29 13:00:00,20.1200,1000
2021-11-01 10:37:30,19.7500,48000
2021-11-02 10:38:06,19.7500,1500
2021-11-03 10:37:44,19.2500,1000
2021-11-04 10:38:27,19.4100,7500
2021-11-05 12:03:00,19.8900,91500
2021-11-08 10:37:44,19.7500,31500
2021-11-09 10:37:13,19.4600,47000
2021-11-10 10:37:46,19.4900,52500
2021-11-22 11:07:06,20.6400,236500
2021-11-23 11:00:39,19.1400,166500
2021-11-24 11:07:03,19.7000,98000
2021-11-25 10:36:33,19.4100,5000
2021-11-26 11:35:23,18.6400,41500
2021-11-29 10:36:28,18.6300,442000
2021-11-30 10:37:23,18.5700,11000
2021-12-01 10:38:04,18.3400,232500
2021-12-02 10:36:03,16.9800,360000
2021-12-03 12:09:57,16.9800,131000
2021-12-06 10:35:28,17.2000,24500
2021-12-07 10:36:08,17.5000,45500
2021-12-08 10:36:12,16.8500,60000
2021-12-09 10:35:52,16.8900,12500
2021-12-10 11:34:47,16.5000,1500
2021-12-13 11:01:04,16.0400,69000
2021-12-14 10:35:31,16.8900,107000
2021-12-15 10:35:29,17.6300,254500
2021-12-16 11:13:59,17.0100,13000
2021-12-17 12:03:18,17.0000,45500
2021-12-20 10:37:45,17.3000,55500
2021-12-21 10:37:49,17.4500,597000
2021-12-22 10:37:14,17.2600,23500
2021-12-23 11:08:56,17.2500,313000
2021-12-24 12:01:06,16.7700,104500
2021-12-27 10:36:08,16.8600,43500
2021-12-28 10:37:18,17.1200,15500
2021-12-29 11:02:35,17.2700,102500
2021-12-30 10:37:25,17.6900,161000
2021-12-31 11:36:56,18.0500,558000
2022-01-03 10:37:58,18.1400,436000
2022-01-04 10:38:30,18.5200,151500
2022-01-05 11:13:03,18.4400,46000
2022-01-06 10:37:10,18.1700,59000
2022-01-07 12:11:23,18.4800,2000
2022-01-10 10:37:56,18.4800,58000
2022-01-11 10:38:12,18.3900,38500
2022-01-12 11:09:40,18.1900,172500
2022-01-13 10:37:41,18.0900,119500
2022-01-14 11:36:29,18.0000,41500
2022-01-17 10:37:04,17.9800,22000
2022-01-18 11:05:51,17.8900,31500
2022-01-19 11:06:23,17.3900,37000
2022-01-20 10:36:13,17.3400,26500
2022-01-21 12:14:20,17.0000,235500
2022-01-24 10:35:59,16.9300,20500
2022-01-25 10:37:08,17.2300,226000
2022-01-26 10:36:08,17.1400,28000
2022-01-27 10:36:46,17.7200,177500
2022-01-28 12:11:35,17.5000,167000
2022-01-31 11:07:51,17.3000,254000
2022-02-01 10:37:42,17.2700,201500
2022-02-02 11:13:37,17.4800,145000
2022-02-03 10:38:20,17.5000,258500
2022-02-04 11:36:03,17.7800,272000
2022-02-07 11:10:51,17.5700,86500
2022-02-08 10:37:47,17.3600,99000
2022-02-09 10:37:43,17.3200,139500
2022-02-10 10:38:38,17.2700,45500
2022-02-11 11:37:27,17.2600,78500
2022-02-14 10:36:44,17.0000,48500
2022-02-15 10:37:04,17.1000,36500
2022-02-16 10:38:03,16.7500,43500
2022-02-17 10:37:48,16.6000,24000
2022-02-18 11:36:18,16.8900,5000
2022-02-21 10:36:32,17.0200,30500
2022-02-22 10:35:49,16.7500,33500
2022-02-23 10:36:30,16.7000,38000
2022-02-24 11:11:49,15.9000,131500
2022-02-25 11:35:05,16.0000,112500
2022-02-28 10:35:24,15.9900,218000
2022-03-01 10:36:40,16.3000,244500
2022-03-02 11:00:03,16.5000,82500
2022-03-03 11:00:03,16.3900,9000
2022-03-04 12:01:35,16.4800,173000
2022-03-07 11:14:05,15.5200,34500
2022-03-08 11:07:34,15.7600,13500
2022-03-09 10:36:08,15.4900,228000
2022-03-10 11:06:44,15.9700,77500
2022-03-11 11:34:55,15.6100,221000
2022-03-14 10:35:51,15.4900,17000
2022-03-15 10:35:36,15.1700,173500
2022-03-16 11:13:33,15.0400,149000
2022-03-17 10:36:37,14.9000,291000
2022-03-18 12:01:28,14.7900,153500
2022-03-21 10:35:17,14.8000,18500
2022-03-22 11:02:14,14.9500,148000
2022-03-24 10:35:41,14.9500,28000
2022-03-25 12:01:12,14.8300,31000
2022-03-28 10:35:46,14.9900,78500
2022-03-29 11:01:32,15.0100,179500
2022-03-30 11:10:35,16.0000,412500
2022-03-31 10:36:54,16.3200,155000
2022-04-01 12:09:06,16.5700,529500
2022-04-04 09:05:11,15.8400,56000
2022-04-05 09:32:10,16.1400,42500
2022-04-06 09:43:21,16.2900,8000
2022-04-07 09:06:00,16.2300,20500
2022-04-08 08:41:22,16.3900,43500
2022-04-11 09:05:49,17.1800,269500
2022-04-12 09:07:20,16.7600,31500
2022-04-13 09:34:27,16.6700,156000
2022-04-14 09:33:57,16.2500,85500
2022-04-15 08:07:10,16.1100,189000
2022-04-18 08:36:50,16.2300,15500
2022-04-19 08:36:39,16.2600,44500
2022-04-20 08:36:45,15.8500,87500
2022-04-21 09:09:46,16.1900,103500
2022-04-22 07:36:26,16.6300,1058500
2022-04-25 09:02:41,16.6200,266000
2022-04-26 08:36:12,16.2600,188500
2022-04-27 08:35:47,16.1400,23000
2022-04-28 08:35:52,15.6500,88500
2022-05-06 11:34:35,15.6600,21000
2022-05-09 10:35:05,15.2000,156000
2022-05-10 10:35:31,15.1500,27000
2022-05-11 10:35:15,15.0000,485000
2022-05-12 10:35:24,15.0200,39500
2022-05-13 11:35:04,15.2000,37000
2022-05-16 10:35:31,15.2000,40000
2022-05-17 11:02:01,15.0800,15000
2022-05-18 11:00:41,15.4000,74500
2022-05-19 11:05:50,15.4100,36500
2022-05-20 12:08:05,15.4600,46000
2022-05-23 10:35:51,15.0000,10500
2022-05-24 10:35:34,15.0000,1500
2022-05-25 10:35:37,14.8000,5500
2022-05-26 10:36:18,15.1400,36000
2022-05-27 12:11:45,15.2000,38000
2022-05-30 10:37:17,15.2500,11000
2022-05-31 10:37:17,15.3900,13000
2022-06-01 10:36:47,15.3000,9500
2022-06-02 10:36:08,15.0000,55500
2022-06-03 12:08:54,14.3100,16500
2022-06-06 11:04:49,14.0300,136500
2022-06-07 13:00:00,13.7500,57500
2022-06-08 10:36:33,14.0400,15500
2022-06-09 11:01:05,14.7500,81500
2022-06-10 11:35:18,14.5000,1500
2022-06-13 10:35:48,14.0200,11000
2022-06-14 10:35:51,13.9300,38000
2022-06-15 10:36:06,14.0000,25000
2022-06-16 10:36:05,14.0000,12500
2022-06-17 11:35:53,14.3600,15000
2022-06-20 11:06:10,14.4000,9500
2022-06-21 10:36:06,14.5500,38500
2022-06-22 10:36:59,14.5000,20000
2022-06-23 10:36:59,15.1900,34500
2022-06-24 12:03:47,14.4800,267500
2022-06-27 11:00:06,13.6700,541000
2022-06-28 10:36:39,14.2300,114500
2022-06-29 10:37:14,14.2600,85000
2022-06-30 10:37:01,14.0900,33500
2022-07-01 11:35:40,14.3100,22500
2022-07-04 10:35:58,14.3000,12000
2022-07-05 10:36:02,14.4000,32000
2022-07-06 10:36:15,14.7100,27000
2022-07-07 10:36:13,14.6500,23500
2022-07-13 10:35:45,14.6000,31000
2022-07-14 10:37:08,14.7000,3000
2022-07-15 12:04:50,15.0000,1500
2022-07-18 10:36:05,14.4500,7500
2022-07-19 10:36:23,14.2300,21000
2022-07-20 10:35:19,14.2300,1000
2022-07-21 10:35:33,14.0800,25500
2022-07-22 11:34:23,14.6900,5000
2022-07-25 10:34:50,14.2000,12500
2022-07-26 10:35:47,14.2100,10500
2022-07-27 10:35:42,14.2300,2500
2022-07-28 10:36:18,14.4700,30000
2022-07-29 11:34:43,14.0500,4000
2022-08-01 13:00:00,14.4000,10000
2022-08-02 10:36:19,14.4500,80500
2022-08-03 10:36:37,14.7100,44000
2022-08-04 10:37:02,14.8800,35000
2022-08-05 11:36:23,14.9800,85000
2022-08-10 11:01:25,15.2100,88000
2022-08-11 10:37:53,14.9000,12500
2022-08-12 13:00:00,15.5900,122500
2022-08-15 13:00:00,16.4300,173000
2022-08-16 13:00:00,15.7100,177500
2022-08-17 13:00:00,15.8100,39500
2022-08-18 13:00:00,15.6900,34500
2022-08-19 13:00:00,15.1800,14000
2022-08-22 13:00:00,15.2500,3000
2022-08-23 13:00:00,15.4700,4000
2022-08-24 13:00:00,15.2500,136000
2022-08-25 13:00:00,15.3800,11500
2022-08-26 13:00:00,15.1600,33500
2022-08-29 13:00:00,14.9800,41000
2022-08-30 13:00:00,14.9500,9000
2022-08-31 13:00:00,15.0000,25000
2022-09-01 13:00:00,15.0000,44500
2022-09-02 13:00:00,15.1200,49500
2022-09-05 13:00:00,14.9000,5500
2022-09-06 13:00:00,14.6500,4500
2022-09-07 13:00:00,14.9800,5000
2022-09-08 13:00:00,14.8000,7000
2022-09-09 13:00:00,14.9800,19000
2022-09-12 13:00:00,15.0100,25500
2022-09-13 13:00:00,15.0100,19000
2022-09-14 13:00:00,14.8300,4000
2022-09-15 13:00:00,13.9300,111000
2022-09-16 13:00:00,13.7700,37500
2022-09-19 13:00:00,13.8000,43500
2022-09-20 13:00:00,13.6000,58000
2022-09-21 13:00:00,13.5600,24500
2022-09-22 13:00:00,13.5400,26000
2022-09-23 13:00:00,13.5100,27500
2022-09-26 13:00:00,13.7700,5000
2022-09-27 13:00:00,13.7000,3000
2022-09-28 13:00:00,14.1000,37500
2022-09-29 13:00:00,14.1300,28000
2022-09-30 13:00:00,14.0100,25000
2022-10-03 13:00:00,14.0000,5000
2022-10-04 13:00:00,14.5600,177500
2022-10-05 13:00:00,14.3300,78000
2022-10-06 13:00:00,14.1600,19000
2022-10-07 13:00:00,14.1000,7000
2022-10-10 13:00:00,13.9000,79000
2022-10-11 13:00:00,13.9500,1000
2022-10-12 13:00:00,14.0100,27000
2022-10-13 13:00:00,13.9400,8000
2022-10-14 13:00:00,14.0100,73000
2022-10-17 13:00:00,14.0100,1500
2022-10-18 13:00:00,13.9000,7500
2022-10-19 13:00:00,13.8500,24500
2022-10-20 13:00:00,13.9000,12000
2022-10-21 13:00:00,13.7700,196000
2022-10-24 13:00:00,13.7100,39500
2022-10-25 13:00:00,13.7800,7500
2022-10-26 13:00:00,13.5100,7500
2022-10-27 13:00:00,13.0700,50500
2022-10-28 13:00:00,12.8600,16000
2022-10-31 13:00:00,12.8600,14000
2022-11-01 13:00:00,12.8700,206500
2022-11-02 13:00:00,12.8000,23000
2022-11-03 13:00:00,12.9900,74500
2022-11-04 13:00:00,12.8900,28000
2022-11-07 13:00:00,12.9000,4500
2022-11-08 13:00:00,12.9900,14500
2022-11-10 13:00:00,13.0000,77000
2022-11-11 13:00:00,13.0000,2000
2022-11-14 13:00:00,13.0300,68500
2022-11-15 13:00:00,13.0000,182000
2022-11-16 13:00:00,13.1600,117500
2022-11-17 13:00:00,12.9500,35000
2022-11-18 13:00:00,12.6500,32000
2022-11-21 13:00:00,12.1200,188000
2022-11-22 13:00:00,12.4500,56500
2022-11-23 13:00:00,12.4000,54000
2022-11-24 13:00:00,12.3000,41000
2022-11-25 13:00:00,12.4900,10500
2022-11-28 13:00:00,12.0000,32000
2022-11-29 13:00:00,12.0000,5000
2022-11-30 13:00:00,12.0000,51500
2022-12-01 13:00:00,11.9600,118000
2022-12-02 13:00:00,11.7800,25500
2022-12-05 13:00:00,11.7000,1000
2022-12-06 13:00:00,11.6500,3000
2022-12-07 13:00:00,11.8500,7500
2022-12-08 13:00:00,11.7400,2500
2022-12-09 13:00:00,11.6500,4500
2022-12-12 13:00:00,11.5100,4500
2022-12-14 13:00:00,11.5000,2000
2022-12-15 13:00:00,11.2500,13000
2022-12-16 13:00:00,11.0000,19500
2022-12-19 13:00:00,11.0000,8000
2022-12-20 13:00:00,10.0100,72500
2022-12-21 13:00:00,10.1000,18500
2022-12-22 13:00:00,10.5000,18500
2022-12-23 13:00:00,10.4900,1000
2022-12-26 13:00:00,9.9900,66500
2022-12-27 13:00:00,9.9000,19000
2022-12-28 13:00:00,9.8000,16500
2022-12-29 13:00:00,9.8900,24500
2022-12-30 13:00:00,9.9000,11000
2023-01-02 13:00:00,9.8500,370000
2023-01-03 13:00:00,9.8000,83500
2023-01-04 13:00:00,9.8200,13500
2023-01-05 13:00:00,9.6900,4500
2023-01-06 13:00:00,9.7100,19500
2023-01-09 13:00:00,9.2300,62500
2023-01-10 13:00:00,9.4000,82500
2023-01-11 13:00:00,8.9000,127500
2023-01-12 13:00:00,9.2200,100500
2023-01-13 13:00:00,8.8400,14500
2023-01-16 13:00:00,8.9800,12000
2023-01-17 13:00:00,9.0200,16000
2023-01-18 13:00:00,9.0000,14500
2023-01-19 13:00:00,9.1900,27000
2023-01-20 13:00:00,8.9100,1000
2023-01-23 13:00:00,8.1900,119500
2023-01-24 13:00:00,8.5000,16500
2023-01-25 13:00:00,8.8100,11500
2023-01-26 13:00:00,9.5600,1050500
2023-01-27 13:00:00,9.4400,7500
2023-01-30 13:00:00,8.9600,20000
2023-01-31 13:00:00,9.2500,3000
2023-02-02 13:00:00,9.1900,500
2023-02-03 13:00:00,9.0000,1000
2023-02-06 13:00:00,9.0000,79000
2023-02-07 13:00:00,9.0000,21000
2023-02-08 13:00:00,9.0000,68000
2023-02-09 13:00:00,9.3000,73500
2023-02-10 13:00:00,8.9000,121500
2023-02-13 13:00:00,8.9000,24500
2023-02-14 13:00:00,8.9000,20500
2023-02-15 13:00:00,9.0000,9500
2023-02-16 13:00:00,8.9000,50000
2023-02-17 13:00:00,8.7700,52000
2023-02-20 13:00:00,9.7700,87500
2023-02-21 13:00:00,10.7700,1167000
2023-02-22 13:00:00,11.0900,1518500
2023-02-23 13:00:00,10.7300,159500
2023-02-24 13:00:00,10.4100,101500
2023-02-27 13:00:00,10.3900,80000
2023-02-28 13:00:00,10.6000,77500
2023-03-01 13:00:00,11.3100,385500
2023-03-02 13:00:00,11.0300,42000
2023-03-03 13:00:00,10.8200,87500
2023-03-06 13:00:00,11.1500,39000
2023-03-07 13:00:00,11.0300,25500
2023-03-08 13:00:00,11.1000,26500
2023-03-09 13:00:00,11.0500,81500
2023-03-10 13:00:00,11.6100,221500
2023-03-13 13:00:00,11.9200,263000
2023-03-14 13:00:00,11.9500,136000
2023-03-15 13:00:00,11.9300,87000
2023-03-16 13:00:00,11.8300,39000
2023-03-17 13:00:00,11.5400,34500
2023-03-20 13:00:00,11.4900,34500
2023-03-21 13:00:00,11.3900,57500
2023-03-22 13:00:00,11.0000,59000
2023-03-24 13:00:00,11.2800,11500
2023-03-27 13:00:00,11.4900,87000
2023-03-28 13:00:00,11.5200,32000
2023-03-29 13:00:00,11.4700,24500
2023-03-30 13:00:00,11.5000,7500
2023-03-31 13:00:00,11.2500,24000
2023-04-03 13:00:00,11.2100,32000
2023-04-04 13:00:00,11.1900,5500
2023-04-05 13:00:00,11.2000,6500
2023-04-06 13:00:00,11.3500,1801000
2023-04-07 13:00:00,11.1200,89500
2023-04-10 13:00:00,11.0300,80500
2023-04-11 13:00:00,10.8800,71000
2023-04-12 13:00:00,10.8700,23500
2023-04-13 13:00:00,10.9400,6500
2023-04-17 13:00:00,10.9100,34000
2023-04-18 13:00:00,11.2700,375500
2023-04-19 13:00:00,11.2500,21000
2023-04-20 13:00:00,11.4000,31000
2023-04-26 13:00:00,11.2300,20500
2023-04-27 13:00:00,11.0800,84500
2023-04-28 13:00:00,11.1000,60000
2023-05-02 13:00:00,11.2000,17000
2023-05-03 13:00:00,11.5000,112500
2023-05-04 13:00:00,11.5300,66500
2023-05-05 13:00:00,11.4300,203500
2023-05-08 13:00:00,11.4300,111500
2023-05-09 13:00:00,11.3000,29000
2023-05-10 13:00:00,11.2200,10000
2023-05-11 13:00:00,11.2400,2500
2023-05-12 13:00:00,11.4700,15000
2023-05-15 13:00:00,11.2900,10500
2023-05-16 13:00:00,11.2300,764500
2023-05-17 13:00:00,11.2300,4500
2023-05-18 13:00:00,11.0000,23000
2023-05-19 13:00:00,10.9400,11500
2023-05-22 13:00:00,10.8900,23000
2023-05-23 13:00:00,10.9000,18000
2023-05-24 13:00:00,10.6400,15000
2023-05-25 13:00:00,10.7000,126000
2023-05-26 13:00:00,10.5700,95000
2023-05-29 13:00:00,10.8600,290500
2023-05-30 13:00:00,10.8000,6500
2023-05-31 13:00:00,10.6300,18000
2023-06-01 13:00:00,10.9000,15000
2023-06-02 13:00:00,10.8800,3500
2023-06-05 13:00:00,11.2000,137500
2023-06-06 13:00:00,10.9500,44500
2023-06-07 13:00:00,11.0000,31000
2023-06-08 13:00:00,10.9000,28500
2023-06-09 13:00:00,10.8900,22000
2023-06-12 13:00:00,10.7500,2000
2023-06-13 13:00:00,10.5800,38000
2023-06-14 13:00:00,10.6000,26000
2023-06-15 13:00:00,10.5000,6500
2023-06-16 13:00:00,10.3100,2000
2023-06-19 13:00:00,10.7000,3842000
2023-06-20 13:00:00,10.6200,42500
2023-06-21 13:00:00,10.4200,8500
2023-06-22 13:00:00,10.5000,33500
2023-06-23 13:00:00,10.4300,36500
2023-06-26 13:00:00,10.7900,30500
2023-06-27 13:00:00,10.4000,128500
2023-07-03 13:00:00,11.0000,158500
2023-07-04 13:00:00,10.7300,85500
2023-07-05 13:00:00,10.6900,150000
2023-07-06 13:00:00,10.7900,54000
2023-07-07 13:00:00,10.7400,78500
2023-07-10 13:00:00,11.0600,140000
2023-07-11 13:00:00,11.5500,498000
2023-07-12 13:00:00,11.5000,162500
2023-07-13 13:00:00,11.5400,638000
2023-07-14 13:00:00,11.4000,256000
2023-07-17 13:00:00,11.6900,21500
2023-07-18 13:00:00,11.9500,202500
2023-07-19 13:00:00,11.7000,24500
2023-07-20 13:00:00,12.0000,203500
2023-07-21 13:00:00,12.3500,228500
2023-07-24 13:00:00,12.3700,73000
2023-07-25 13:00:00,12.7400,108000
2023-07-26 13:00:00,12.5700,72000
2023-07-27 13:00:00,12.3900,145000
2023-07-31 13:00:00,12.8300,417500
2023-08-01 13:00:00,12.7200,22000
2023-08-02 13:00:00,12.7100,32000
2023-08-03 13:00:00,12.7100,127000
2023-08-04 13:00:00,12.5000,42000
2023-08-07 13:00:00,12.5000,15500
2023-08-08 13:00:00,12.4400,58500
2023-08-09 13:00:00,12.3500,36500
2023-08-10 13:00:00,12.0500,114500
2023-08-11 13:00:00,11.9800,32000
2023-08-15 13:00:00,12.0000,87000
2023-08-16 13:00:00,11.6200,12500
2023-08-17 13:00:00,11.8000,44500
2023-08-18 13:00:00,11.7000,20000
2023-08-21 13:00:00,12.1400,1467500
2023-08-22 13:00:00,11.7000,10000
2023-08-23 13:00:00,11.6100,35000
2023-08-24 13:00:00,11.6000,20500
2023-08-25 13:00:00,11.5200,5500
2023-08-28 13:00:00,10.9600,243500
2023-08-29 13:00:00,10.8500,62500
2023-08-30 13:00:00,10.7500,15000
2023-08-31 13:00:00,10.7800,22000
2023-09-01 13:00:00,11.1700,26000
2023-09-04 13:00:00,11.0800,42500
2023-09-05 13:00:00,11.0000,6500
2023-09-06 13:00:00,10.9400,7000
2023-09-07 13:00:00,11.0000,7500
2023-09-08 13:00:00,10.9400,9000
2023-09-11 13:00:00,10.9800,403000
2023-09-12 13:00:00,10.9800,523500
2023-09-13 13:00:00,10.9000,50000
2023-09-14 13:00:00,11.0100,85000
2023-09-15 13:00:00,11.0400,39500
2023-09-18 13:00:00,11.0000,14000
2023-09-19 13:00:00,11.5600,521500
2023-09-20 13:00:00,11.8500,2233500
2023-09-21 13:00:00,11.5500,25000
2023-09-22 13:00:00,11.4000,8500
2023-09-26 13:00:00,11.5000,6500
2023-09-27 13:00:00,11.5200,8000
2023-09-28 13:00:00,11.5500,4500
2023-10-02 13:00:00,11.5000,23500
2023-10-03 13:00:00,11.5000,6000
2023-10-04 13:00:00,11.5500,49500
2023-10-05 13:00:00,11.5800,60500
2023-10-06 13:00:00,11.5000,14000
2023-10-09 13:00:00,11.6000,2000
2023-10-10 13:00:00,11.8600,67000
2023-10-11 13:00:00,11.9100,15500
2023-10-12 13:00:00,11.7700,4500
2023-10-13 13:00:00,12.0000,41000
2023-10-16 13:00:00,12.5100,64500
2023-10-17 13:00:00,12.4900,68500
2023-10-18 13:00:00,12.2100,7000
2023-10-19 13:00:00,12.4000,62000
2023-10-20 13:00:00,12.4800,8000
2023-10-23 13:00:00,12.6000,71000
2023-10-24 13:00:00,12.7600,63500
2023-10-25 13:00:00,12.6200,36000
2023-10-26 13:00:00,13.0000,227500
2023-10-27 13:00:00,13.0000,56000
2023-10-30 13:00:00,12.8100,31000
2023-10-31 13:00:00,12.9000,14500
2023-11-01 13:00:00,12.8500,1500
2023-11-02 13:00:00,12.9000,76000
2023-11-03 13:00:00,12.9500,40500
2023-11-06 13:00:00,13.0300,30500
2023-11-07 13:00:00,13.0000,43000
2023-11-08 13:00:00,12.9600,13000
2023-11-10 13:00:00,13.0600,254500
2023-11-13 13:00:00,13.4300,703000
2023-11-14 13:00:00,13.2000,328000
2023-11-15 13:00:00,13.1400,183500
2023-11-16 13:00:00,13.5500,570000
2023-11-17 13:00:00,14.4900,806000
2023-11-20 13:00:00,14.8900,309000
2023-11-21 13:00:00,15.3900,222000
2023-11-22 13:00:00,16.4300,400500
2023-11-23 13:00:00,15.9800,343500
2023-11-24 13:00:00,15.8000,194500
2023-11-27 13:00:00,15.7000,107000
2023-11-28 13:00:00,15.4500,36000
2023-11-29 13:00:00,15.0000,139000
2023-11-30 13:00:00,15.0000,186500
2023-12-01 13:00:00,16.0000,877500
2023-12-04 13:00:00,15.9500,158000
2023-12-05 13:00:00,15.9500,52000
2023-12-06 13:00:00,16.0000,478000
2023-12-07 13:00:00,15.6000,72000
2023-12-08 13:00:00,15.7900,28000
2023-12-11 13:00:00,15.5000,85500
2023-12-12 13:00:00,15.2800,185500
2023-12-13 13:00:00,14.6100,318000
2023-12-14 13:00:00,14.3100,62000
2023-12-15 13:00:00,14.6500,43000
2023-12-18 13:00:00,14.4400,60500
2023-12-19 13:00:00,13.8500,55000
2023-12-20 13:00:00,13.5000,123000
2023-12-21 13:00:00,13.9000,22000
2023-12-22 13:00:00,13.2400,85500
2023-12-26 13:00:00,12.8500,60000
2023-12-27 13:00:00,13.2300,24500
2023-12-28 13:00:00,13.3500,13000
2023-12-29 13:00:00,13.3500,500
2024-01-01 13:00:00,14.1900,178500
2024-01-02 13:00:00,14.9000,144500
2024-01-03 13:00:00,15.1000,520500
2024-01-04 13:00:00,15.1000,45500
2024-01-05 13:00:00,15.0200,16000
2024-01-08 13:00:00,14.6500,31500
2024-01-09 13:00:00,14.8000,3500
2024-01-10 13:00:00,14.0000,117500
2024-01-11 13:00:00,13.9500,58000
2024-01-12 13:00:00,13.6400,147500
2024-01-15 13:00:00,13.6600,12500
2024-01-16 13:00:00,13.8200,18000
2024-01-17 13:00:00,13.7000,2000
2024-01-18 13:00:00,13.6000,5238500
2024-01-19 13:00:00,13.6400,38000
2024-01-22 13:00:00,13.7300,492000
2024-01-23 13:00:00,14.0500,475000
2024-01-24 13:00:00,14.2500,330000
2024-01-25 13:00:00,14.2500,354000
2024-01-26 13:00:00,14.1500,219000
2024-01-29 13:00:00,13.8100,19500
2024-01-30 13:00:00,14.0000,428500
2024-01-31 13:00:00,14.7000,307000
2024-02-01 13:00:00,14.7500,197500
2024-02-02 13:00:00,15.0000,298000
2024-02-06 13:00:00,14.6600,1000
2024-02-07 13:00:00,14.8000,23000
2024-02-09 13:00:00,14.8000,1500
2024-02-12 13:00:00,14.0000,67000
2024-02-13 13:00:00,14.5000,239500
2024-02-15 13:00:00,13.9500,20000
2024-02-16 13:00:00,14.2900,7000
2024-02-19 13:00:00,13.2900,177000
2024-02-20 13:00:00,13.1800,16500
2024-02-21 13:00:00,13.3500,33500
2024-02-22 13:00:00,13.3500,16000
2024-02-23 13:00:00,13.6500,28500
2024-02-26 13:00:00,13.9700,129500
2024-02-27 13:00:00,13.5000,3500
2024-02-28 13:00:00,13.5000,3000
2024-02-29 13:00:00,13.7500,22000
2024-03-01 13:00:00,13.2200,44500
2024-03-04 13:00:00,13.5000,46500
2024-03-05 13:00:00,13.3000,22500
2024-03-06 13:00:00,13.5000,84500
2024-03-07 13:00:00,13.4600,33500
2024-03-08 13:00:00,13.3800,14500
2024-03-11 13:00:00,13.5000,43000
2024-03-12 13:00:00,13.2700,9000
2024-03-13 13:00:00,12.9700,61000
2024-03-14 13:00:00,13.2300,171000
2024-03-15 13:00:00,13.1000,7500
2024-03-18 13:00:00,13.4400,5500
2024-03-19 13:00:00,13.5000,31500
2024-03-20 13:00:00,13.5000,18000
2024-03-21 13:00:00,13.4000,3000
2024-03-22 13:00:00,13.2500,18500
2024-03-25 13:00:00,13.3000,4000
2024-03-26 13:00:00,13.2800,3500
2024-03-27 13:00:00,13.8100,119000
2024-03-28 13:00:00,13.8900,155500
2024-03-29 13:00:00,13.8800,63000
2024-04-01 13:00:00,13.5500,31500
2024-04-02 13:00:00,13.1100,93000
2024-04-03 13:00:00,13.5000,51500
2024-04-04 13:00:00,13.1100,45000
2024-04-08 13:00:00,13.5000,154500
2024-04-09 13:00:00,13.1800,72000
2024-04-15 13:00:00,13.1300,153500
2024-04-16 13:00:00,12.9900,279500
2024-04-17 13:00:00,12.9900,85000
2024-04-18 13:00:00,12.8100,37500
2024-04-19 13:00:00,12.5400,218000
2024-04-22 13:00:00,12.7000,28500
2024-04-23 13:00:00,12.6600,31500
2024-04-24 13:00:00,12.7000,60500
2024-04-25 13:00:00,12.4400,348500
2024-04-26 13:00:00,12.5000,71500
2024-04-29 13:00:00,12.4000,51500
2024-04-30 13:00:00,12.5600,209000
2024-05-02 13:00:00,12.7000,50500
2024-05-03 13:00:00,12.7700,65500
2024-05-06 13:00:00,13.7700,236500
2024-05-07 13:00:00,14.7900,489000
2024-05-08 13:00:00,14.5800,120000
2024-05-09 13:00:00,14.5000,126000
2024-05-10 13:00:00,14.9000,343000
2024-05-13 13:00:00,16.0200,520000
2024-05-14 13:00:00,16.6400,664500
2024-05-15 13:00:00,16.2800,762000
2024-05-16 13:00:00,16.3900,120000
2024-05-17 13:00:00,16.5200,353000
2024-05-20 13:00:00,16.0900,83000
2024-05-21 13:00:00,15.9700,15500
2024-05-22 13:00:00,15.5100,29000
2024-05-23 13:00:00,15.7100,117000
2024-05-24 13:00:00,15.6000,78000
2024-05-27 13:00:00,15.0500,59211
2024-05-29 13:00:00,14.7000,7563
2024-05-30 13:00:00,14.6600,15073
2024-05-31 13:00:00,15.0000,18483
2024-06-03 13:00:00,14.7800,411777
2024-06-04 13:00:00,14.7000,3948
2024-06-05 13:00:00,15.0000,10094
2024-06-06 13:00:00,14.9600,31428
2024-06-07 13:00:00,14.8400,11431
2024-06-10 13:00:00,14.5000,29507
2024-06-11 13:00:00,14.5400,12562
2024-06-12 13:00:00,15.1600,213456
2024-06-13 13:00:00,15.5500,119646
2024-06-14 13:00:00,15.0800,38828
2024-06-20 13:00:00,15.0000,46524
2024-06-21 13:00:00,14.8800,4197
2024-06-24 13:00:00,15.1000,11038
2024-06-25 13:00:00,15.1000,8703
2024-06-26 13:00:00,15.5400,16823
2024-06-27 13:00:00,15.5400,1233
2024-06-28 13:00:00,15.9200,187208
2024-07-01 13:00:00,15.7500,16006
2024-07-02 13:00:00,15.9200,49601
2024-07-03 13:00:00,15.4000,8447
2024-07-04 13:00:00,15.0000,33014
2024-07-05 13:00:00,15.3000,39776
2024-07-08 13:00:00,15.6400,5359
2024-07-09 13:00:00,15.7400,20967
2024-07-10 13:00:00,17.2300,1700045
2024-07-11 13:00:00,18.8800,1570344
2024-07-12 13:00:00,20.6700,3662016
2024-07-15 13:00:00,22.6300,3153831
2024-07-18 13:00:00,24.7800,3964900
2024-07-19 13:00:00,26.6800,8548507
2024-07-22 13:00:00,29.3500,3534738
2024-07-23 13:00:00,32.2900,4284079
2024-07-24 13:00:00,32.1900,7660481
2024-07-25 13:00:00,31.6900,3342835
2024-07-26 13:00:00,31.1100,3264345
2024-07-29 13:00:00,33.9700,7388973
2024-07-30 13:00:00,32.7200,2953685
2024-07-31 13:00:00,35.8100,8931714
2024-08-01 13:00:00,38.1900,8913665
2024-08-02 13:00:00,42.0100,6053812
2024-08-05 13:00:00,42.7300,6415427
2024-08-06 13:00:00,47.0000,6912472
2024-08-07 13:00:00,51.7000,1881101
2024-08-08 13:00:00,46.9400,13247001
2024-08-09 13:00:00,49.4900,7995199
2024-08-12 13:00:00,50.0500,10304526
2024-08-13 13:00:00,52.5800,8536866
2024-08-15 13:00:00,53.3900,9342112
2024-08-16 13:00:00,49.2500,9424595
2024-08-19 13:00:00,47.4000,5879002
2024-08-20 13:00:00,49.7200,6824083
2024-08-21 13:00:00,54.1400,6818692
2024-08-22 13:00:00,54.2900,6531438
2024-08-23 13:00:00,51.5100,1902546
2024-08-26 13:00:00,50.0100,3731938
2024-08-27 13:00:00,49.2800,2351390
2024-08-28 13:00:00,47.7500,5147092
2024-08-29 13:00:00,47.3800,3713794
2024-08-30 11:00:00,44.6600,2177843
2024-09-02 11:00:00,40.1900,1627894
2024-09-03 11:00:00,41.5000,12266865
2024-09-04 11:00:00,41.1200,3629300
2024-09-05 11:00:00,37.3900,1435230
2024-09-06 11:00:00,36.9700,2496781
2024-09-09 11:00:00,36.0600,965523
2024-09-10 11:00:00,37.7000,3361877
2024-09-11 11:00:00,41.4700,3447288
2024-09-12 11:00:00,41.2900,4748567
2024-09-13 11:00:00,41.6100,3278556
2024-09-16 11:00:00,42.1700,4457367
2024-09-18 11:00:00,41.1700,1007265
2024-09-19 11:00:00,39.7100,1123677
2024-09-20 11:00:00,39.6100,594572
2024-09-23 11:00:00,40.1100,1804064
2024-09-24 11:00:00,39.8600,1079876
2024-09-25 11:00:00,41.0400,1745306
2024-09-26 11:00:00,39.9300,2211461
2024-09-27 11:00:00,39.1100,1356166
2024-09-30 11:00:00,36.6400,1017704
2024-10-01 11:00:00,38.4000,1191659
2024-10-02 11:00:00,37.6900,804143
2024-10-03 11:00:00,36.8300,500878
2024-10-04 11:00:00,35.2400,1351876
2024-10-07 11:00:00,33.9900,1069963
2024-10-08 11:00:00,34.5800,3892111
2024-10-09 11:00:00,34.7600,4357580
2024-10-10 11:00:00,34.5400,972704
2024-10-11 11:00:00,31.3500,3445372
2024-10-14 11:00:00,34.4900,1767838
2024-10-15 11:00:00,37.9400,4338872
2024-10-16 11:00:00,40.9800,7521081
2024-10-17 11:00:00,38.7200,2373659
2024-10-18 11:00:00,39.0300,3424029
2024-10-21 11:00:00,42.9300,6071540
2024-10-22 11:00:00,39.8300,6639686
2024-10-23 11:00:00,39.9700,2079119
2024-10-24 11:00:00,40.2200,4244766
2024-10-25 11:00:00,38.5400,1984865
2024-10-28 11:00:00,36.9300,1961537
2024-10-29 11:00:00,39.5200,5505328
2024-10-30 11:00:00,39.5400,3878001
2024-10-31 11:00:00,40.2600,4013699
2024-11-01 11:00:00,40.7200,2172450
2024-11-04 11:00:00,40.0900,1403946
2024-11-05 11:00:00,39.5100,1831781
2024-11-06 11:00:00,39.1900,1214308
2024-11-07 11:00:00,40.5900,2657863
2024-11-08 11:00:00,40.4700,1857113
2024-11-11 11:00:00,42.6400,5377965
2024-11-12 11:00:00,42.7900,1894837
2024-11-13 11:00:00,42.3500,2743860
2024-11-14 11:00:00,41.6800,1327511
2024-11-15 11:00:00,40.6500,1006848
2024-11-18 11:00:00,40.1900,560712
2024-11-19 11:00:00,40.1000,1045575
2024-11-20 11:00:00,39.4500,1836227
2024-11-21 11:00:00,39.2200,513887
2024-11-22 11:00:00,38.0600,912680
2024-11-25 11:00:00,37.5800,522962
2024-11-26 11:00:00,34.1900,1484331
2024-11-27 11:00:00,37.4200,4245287
2024-11-28 11:00:00,39.0400,2739005
2024-11-29 11:00:00,38.6100,1547169
2024-12-02 11:00:00,40.3100,4366754
2024-12-03 11:00:00,39.6300,2099959
2024-12-04 11:00:00,39.9000,2659329
2024-12-05 11:00:00,39.7100,1699666
2024-12-06 11:00:00,39.0900,1589762
2024-12-09 11:00:00,39.0000,1121669
2024-12-10 11:00:00,37.4000,1929552
2024-12-11 11:00:00,37.7200,1047194
2024-12-12 11:00:00,41.1100,5667255
2024-12-13 11:00:00,45.2200,12831247
2024-12-16 11:00:00,49.7400,3375290
2024-12-17 11:00:00,50.9900,12183669
2024-12-18 11:00:00,45.9200,5872880
2024-12-19 11:00:00,44.1900,6834688
2024-12-20 11:00:00,44.1600,3159053
2024-12-23 11:00:00,45.6400,4142450
2024-12-24 11:00:00,43.1200,2755811
2024-12-26 11:00:00,42.4100,1373763
2024-12-27 11:00:00,42.2100,1721732
2024-12-30 11:00:00,43.4800,1704145
2024-12-31 11:00:00,44.0500,3708869
2025-01-01 11:00:00,43.7500,1081594
2025-01-02 11:00:00,45.8500,4157367
2025-01-03 11:00:00,43.9600,1938261
2025-01-06 11:00:00,42.3300,1327458
2025-01-07 11:00:00,41.7700,800930
2025-01-08 11:00:00,40.4700,314389
2025-01-09 11:00:00,40.1300,462741
2025-01-10 11:00:00,39.4500,497444
2025-01-13 11:00:00,40.4500,700563
2025-01-14 11:00:00,44.5000,2706861
2025-01-15 11:00:00,46.0100,8265452
2025-01-16 11:00:00,43.5100,1959108
2025-01-17 11:00:00,42.9400,877798
2025-01-20 11:00:00,45.5700,6339425
2025-01-21 11:00:00,44.6900,3600728
2025-01-22 11:00:00,43.2100,1470258
2025-01-23 11:00:00,44.1000,982768
2025-01-24 11:00:00,45.0600,2791276
2025-01-27 11:00:00,40.9800,3304659
2025-01-28 11:00:00,42.8600,2143789
2025-01-29 11:00:00,42.1200,932104
2025-01-30 11:00:00,42.7800,602557
2025-01-31 11:00:00,43.4100,1987381
2025-02-03 11:00:00,42.4100,845383
2025-02-04 11:00:00,41.3700,644406
2025-02-06 11:00:00,42.0300,890531
2025-02-07 11:00:00,40.5300,1722925
2025-02-10 11:00:00,40.2600,1268412
2025-02-11 11:00:00,41.3800,1337552
2025-02-12 11:00:00,40.5200,851092
2025-02-13 11:00:00,41.3600,1179772
2025-02-14 11:00:00,41.3300,1593848
2025-02-17 11:00:00,40.5200,494481
2025-02-18 11:00:00,41.4000,355277
2025-02-19 11:00:00,40.8600,450441
2025-02-20 11:00:00,41.1000,1505576
2025-02-21 11:00:00,40.0300,799174
2025-02-24 11:00:00,40.2600,293770
2025-02-25 11:00:00,40.3200,295609
2025-02-26 11:00:00,39.8300,446042
2025-02-27 11:00:00,39.6400,278665
2025-02-28 11:00:00,39.0400,864242
2025-03-03 11:00:00,37.6700,178405
2025-03-04 11:00:00,38.6500,274096
2025-03-05 11:00:00,38.2000,281368
2025-03-06 11:00:00,37.8300,662867
2025-03-07 11:00:00,37.9500,254530
2025-03-10 11:00:00,38.9000,478248
2025-03-11 11:00:00,39.7900,869744
2025-03-12 11:00:00,38.8400,481710
2025-03-13 11:00:00,38.9000,316923
2025-03-14 11:00:00,39.6300,491916
2025-03-17 11:00:00,39.1500,540917
2025-03-18 11:00:00,38.8600,216281
2025-03-19 11:00:00,39.7400,819547
2025-03-20 11:00:00,41.3000,2350576
2025-03-21 11:00:00,41.8200,1705071
2025-03-24 11:00:00,43.0400,5498463
2025-03-25 11:00:00,42.9200,1293390
2025-03-26 11:00:00,42.3400,791941
2025-03-27 11:00:00,42.0700,673859
2025-04-03 11:00:00,42.2200,788533
2025-04-04 11:00:00,41.6600,337075
2025-04-07 11:00:00,39.1100,1459817
2025-04-08 11:00:00,39.5200,523624
2025-04-09 11:00:00,38.1800,1159581
2025-04-10 11:00:00,39.8500,724931
2025-04-11 11:00:00,39.0100,583799
2025-04-14 11:00:00,39.1700,410316
2025-04-15 11:00:00,40.3800,2451688
2025-04-16 11:00:00,39.0200,1268879
2025-04-17 11:00:00,39.2200,391511
2025-04-18 11:00:00,39.7800,1057315
2025-04-21 11:00:00,40.1500,1416258
2025-04-22 11:00:00,40.1700,843556
2025-04-23 11:00:00,41.1600,4256552
2025-04-24 11:00:00,40.3400,1006504
2025-04-25 11:00:00,41.9900,4266965
2025-04-28 11:00:00,39.6700,1476939
2025-04-29 11:00:00,40.7100,1238119
2025-04-30 11:00:00,39.5800,1063474
2025-05-02 11:00:00,40.9800,1311056
2025-05-05 11:00:00,40.6300,366623
2025-05-06 11:00:00,40.0400,423163
2025-05-07 11:00:00,38.2400,698057
2025-05-08 11:00:00,34.4400,1152291
2025-05-09 11:00:00,34.7100,891286
2025-05-12 11:00:00,38.1800,332389
2025-05-13 11:00:00,40.4000,1234791
2025-05-14 11:00:00,40.5700,1140269
2025-05-15 11:00:00,40.4200,650400
2025-05-16 11:00:00,39.7800,603270
2025-05-19 11:00:00,39.9000,452192
2025-05-20 11:00:00,39.4700,379365
2025-05-21 11:00:00,43.4300,3483299
2025-05-22 11:00:00,43.1300,5838937
2025-05-23 11:00:00,42.1300,1495133
2025-05-26 11:00:00,41.1900,702954
2025-05-27 11:00:00,40.8600,569336
2025-05-29 11:00:00,41.0400,713371
2025-05-30 11:00:00,45.1400,4652787
2025-06-02 11:00:00,45.3800,7361047
2025-06-03 11:00:00,45.9200,4752748
2025-06-04 11:00:00,49.1500,11718080
2025-06-05 11:00:00,46.3800,5182631
2025-06-10 11:00:00,45.9900,3113852
2025-06-11 11:00:00,47.0100,3764310
2025-06-12 11:00:00,46.6800,5055867
2025-06-13 11:00:00,45.9600,1289853
2025-06-16 11:00:00,46.1500,1491948
2025-06-17 11:00:00,45.4300,849032
2025-06-18 11:00:00,43.5500,1307624
2025-06-19 11:00:00,42.4500,526345
2025-06-20 11:00:00,42.5100,537803
2025-06-23 11:00:00,39.6800,716040
2025-06-24 11:00:00,43.6400,857097
2025-06-25 11:00:00,43.7100,609296
2025-06-26 11:00:00,44.8100,1563566
2025-06-27 11:00:00,46.1300,2441497
2025-06-30 11:00:00,45.5500,1147414
2025-07-01 11:00:00,44.9700,918808
2025-07-02 11:00:00,44.9800,692649
2025-07-03 11:00:00,44.8500,646592
2025-07-04 11:00:00,44.8900,937328
2025-07-07 11:00:00,45.8000,2050433
2025-07-08 11:00:00,45.5300,1692276
2025-07-09 11:00:00,50.0800,4992511
2025-07-10 11:00:00,48.0500,4971130
2025-07-11 11:00:00,48.0800,1634904
2025-07-14 11:00:00,52.8900,10478758
2025-07-15 11:00:00,51.8300,7047641
2025-07-16 11:00:00,51.6800,1834537
2025-07-17 11:00:00,51.0700,2502086
2025-07-18 11:00:00,49.4400,792866
2025-07-21 11:00:00,48.7500,917746
2025-07-22 11:00:00,48.4100,880271
2025-07-23 11:00:00,48.9300,778603
2025-07-24 11:00:00,50.0100,2548190
2025-07-25 11:00:00,49.4600,313582
2025-07-28 11:00:00,49.7700,781703
2025-07-29 11:00:00,48.7800,418612
2025-07-30 11:00:00,48.1400,462568
2025-07-31 11:00:00,48.1800,463965
2025-08-01 11:00:00,47.0800,886960
2025-08-04 11:00:00,47.2600,336684
2025-08-05 11:00:00,48.9900,2303249
2025-08-06 11:00:00,48.5500,497550
2025-08-07 11:00:00,47.9100,777768
2025-08-08 11:00:00,48.2700,1020943
2025-08-11 11:00:00,48.1100,358996
2025-08-12 11:00:00,49.0300,1939345
2025-08-13 11:00:00,48.9700,1037946
2025-08-15 11:00:00,48.6100,1192589
2025-08-18 11:00:00,53.4700,3619207
2025-08-19 11:00:00,58.0600,12750070
2025-08-20 11:00:00,56.9000,2961210
2025-08-21 11:00:00,62.4400,12718984
2025-08-22 11:00:00,66.6900,12462296
2025-08-25 11:00:00,65.2600,3006444
2025-08-26 11:00:00,65.0400,1701165
2025-08-27 11:00:00,63.7200,4803212
2025-08-28 11:00:00,62.5700,2446610
2025-08-29 11:00:00,61.5000,1617218
2025-09-01 11:00:00,60.5500,1833442
2025-09-02 11:00:00,61.9200,3603181
2025-09-03 11:00:00,63.6000,3171645
2025-09-04 11:00:00,65.6500,3202793
2025-09-05 11:00:00,64.5200,1261089
2025-09-08 11:00:00,68.1400,6491650
2025-09-09 11:00:00,69.8800,4606122
2025-09-10 11:00:00,70.5800,5930246
2025-09-11 11:00:00,77.6400,6612193
2025-09-12 11:00:00,78.2200,9659018
2025-09-15 11:00:00,76.0500,1952735
2025-09-16 11:00:00,74.4300,3575425
2025-09-17 11:00:00,75.1900,10470494
2025-09-18 11:00:00,74.2900,2813330
2025-09-19 11:00:00,73.9100,2178286
2025-09-22 11:00:00,70.5900,7465715
2025-09-23 11:00:00,69.6300,10393695
2025-09-24 11:00:00,68.2300,5488287
2025-09-25 11:00:00,68.9300,976946
2025-09-26 11:00:00,67.7300,922416
2025-09-29 11:00:00,65.3400,1464399
2025-09-30 11:00:00,66.7900,1747778
2025-10-01 11:00:00,66.1600,1022605
2025-10-02 11:00:00,65.5200,841646
2025-10-03 11:00:00,67.6100,1368325
2025-10-06 11:00:00,64.7900,729667
2025-10-07 11:00:00,65.4700,198953
2025-10-08 11:00:00,64.4400,258114
2025-10-09 11:00:00,62.9500,480585
2025-10-10 11:00:00,63.3100,445497
2025-10-13 11:00:00,62.0900,516108
2025-10-14 11:00:00,64.8600,240987
2025-10-15 11:00:00,64.2700,474264
2025-10-16 11:00:00,63.1000,241008
2025-10-17 11:00:00,69.4100,4518951
2025-10-20 11:00:00,68.4400,1642676
2025-10-21 11:00:00,71.2000,2362769
2025-10-22 11:00:00,70.0200,1502320
2025-10-23 11:00:00,63.0200,1627058
2025-10-24 11:00:00,58.0400,5411798
2025-10-27 11:00:00,54.9200,871555
2025-10-28 11:00:00,53.0000,1760594
2025-10-29 11:00:00,55.9700,2511813
2025-10-30 11:00:00,54.1500,668474
2025-10-31 11:00:00,59.1800,2651739
2025-11-03 11:00:00,57.5700,531959
2025-11-04 11:00:00,54.5100,1037413
2025-11-05 11:00:00,54.8400,204660
2025-11-06 11:00:00,53.9900,352181
2025-11-07 11:00:00,55.8100,675164
2025-11-10 11:00:00,55.1600,226142
2025-11-11 11:00:00,53.4700,323737
2025-11-12 11:00:00,53.5600,331971
2025-11-13 11:00:00,54.4300,155349
2025-11-14 11:00:00,54.7800,135629
2025-11-17 11:00:00,56.1100,444713
2025-11-18 11:00:00,55.7600,223167
2025-11-19 11:00:00,55.5700,275033
2025-11-20 11:00:00,54.5700,380087
2025-11-21 11:00:00,53.8900,240624
2025-11-24 11:00:00,53.5400,46008
2025-11-25 11:00:00,53.2700,84010
2025-11-26 11:00:00,52.7400,139427
2025-11-27 11:00:00,54.0200,159638
2025-11-28 11:00:00,55.7800,439725
2025-12-01 11:00:00,56.7300,708420
2025-12-02 11:00:00,55.5000,1093051
2025-12-03 11:00:00,55.1000,468115
2025-12-04 11:00:00,55.0200,383417
2025-12-05 11:00:00,55.2700,189042
2025-12-08 11:00:00,54.8400,213619
2025-12-09 11:00:00,55.1100,323580
2025-12-10 11:00:00,55.2000,416372
2025-12-11 11:00:00,55.4100,145153
2025-12-12 11:00:00,55.7100,259204
2025-12-15 11:00:00,57.2400,1800099
2025-12-16 11:00:00,59.3700,3861581
2025-12-17 11:00:00,58.6500,1352581
2025-12-18 11:00:00,58.5300,583078
2025-12-19 11:00:00,57.0800,538623
2025-12-22 11:00:00,56.0300,226595
2025-12-23 11:00:00,55.4000,152186
2025-12-24 11:00:00,55.0200,160927
2025-12-26 11:00:00,54.5200,215314
2025-12-29 11:00:00,54.9700,383404
2025-12-30 11:00:00,55.0800,238214
2025-12-31 11:00:00,54.7800,197990
2026-01-01 11:00:00,55.0200,197923
2026-01-02 11:00:00,55.6600,404370
2026-01-05 11:00:00,58.8600,3616601
2026-01-06 11:00:00,57.4300,511761
2026-01-07 11:00:00,57.5500,477155
2026-01-08 11:00:00,57.7600,732217
2026-01-09 11:00:00,57.3300,263860
2026-01-12 11:00:00,56.8100,335371
2026-01-13 11:00:00,56.3000,285992
2026-01-14 11:00:00,55.4100,409172
2026-01-15 11:00:00,54.6500,345413
2026-01-16 11:00:00,56.2200,355230
2026-01-19 11:00:00,61.8400,4151102
2026-01-20 11:00:00,63.3500,9283272
2026-01-21 11:00:00,57.6100,2743301
2026-01-22 11:00:00,57.4900,1523523
2026-01-23 11:00:00,57.1000,490181
2026-01-26 11:00:00,56.4600,348251
2026-01-27 11:00:00,55.9500,340940
2026-01-28 11:00:00,55.6400,289709
2026-01-29 11:00:00,55.0800,602875
2026-01-30 11:00:00,54.4200,337788
2026-02-02 11:00:00,54.8500,144795
2026-02-03 11:00:00,56.0500,608004
2026-02-04 11:00:00,55.6600,320243
2026-02-06 11:00:00,54.0300,657128
2026-02-09 11:00:00,54.4300,174411
2026-02-10 11:00:00,54.9900,452443
2026-02-11 11:00:00,55.0500,375296
2026-02-12 11:00:00,54.1900,156560
2026-02-13 11:00:00,53.5700,418605
2026-02-16 11:00:00,52.4700,199269
2026-02-17 11:00:00,51.9700,220965
2026-02-18 11:00:00,50.1900,875898
2026-02-19 11:00:00,46.9500,571818
2026-02-20 11:00:00,46.2900,269517
2026-02-23 11:00:00,43.5600,185192
2026-02-24 11:00:00,41.5400,2009067
2026-02-25 11:00:00,40.2900,452522
2026-02-26 11:00:00,43.5300,422496
2026-02-27 11:00:00,45.8300,571392
2026-03-02 11:00:00,41.2500,295975
2026-03-03 11:00:00,41.0800,469111
2026-03-04 11:00:00,41.0800,115004
2026-03-05 11:00:00,41.1900,531219
2026-03-06 11:00:00,39.7100,288695
2026-03-09 11:00:00,35.7400,163039
2026-03-10 11:00:00,37.1800,351357
2026-03-11 11:00:00,37.1400,134757
2026-03-12 11:00:00,36.3200,76407
2026-03-13 11:00:00,36.7400,42520
2026-03-16 11:00:00,35.3500,105143
2026-03-17 11:00:00,34.8200,136102
2026-03-18 11:00:00,35.2500,118967
2026-03-19 11:00:00,33.0600,892895
2026-03-24 11:00:00,34.5400,672557
2026-03-25 11:00:00,36.9400,940791
2026-03-26 11:00:00,35.4500,219361
2026-03-27 11:00:00,35.6700,85835
2026-03-30 11:00:00,33.9500,166364
2026-03-31 11:00:00,34.1700,71005
2026-04-01 11:00:00,37.1100,771141
2026-04-02 11:00:00,36.0200,137474
2026-04-03 11:00:00,36.6900,774952
2026-04-06 11:00:00,36.5100,103967
2026-04-07 11:00:00,37.8600,376719
2026-04-08 11:00:00,41.6600,899379
2026-04-09 11:00:00,42.0500,882433
2026-04-10 11:00:00,43.6700,413116
2026-04-13 11:00:00,41.3300,258568
2026-04-14 11:00:00,43.7400,441927
2026-04-15 11:00:00,43.9600,816871
2026-04-16 11:00:00,44.0300,165839
2026-04-17 11:00:00,44.0800,339990
2026-04-20 11:00:00,43.1300,589360
2026-04-21 11:00:00,43.6600,444274
2026-04-22 11:00:00,43.0900,229354
2026-04-23 11:00:00,42.7800,143943
2026-04-24 11:00:00,43.1100,114526
2026-04-27 11:00:00,42.5100,183493
2026-04-28 11:00:00,42.1000,148506
2026-04-29 11:00:00,41.1200,112049
2026-04-30 11:00:00,39.7100,127275
2026-05-04 11:00:00,40.2900,70367
2026-05-05 11:00:00,40.2200,27133
2026-05-06 11:00:00,44.2400,909039
2026-05-07 11:00:00,46.5200,1706670
2026-05-08 11:00:00,44.9200,843878
2026-05-11 11:00:00,44.2300,397929
2026-05-12 11:00:00,42.6900,346758
2026-05-13 11:00:00,42.5000,235371
2026-05-14 11:00:00,42.1900,295519
2026-05-15 11:00:00,41.8900,231722
2026-05-18 11:00:00,40.2900,120287
2026-05-19 11:00:00,40.9200,130085
2026-05-20 11:00:00,41.9900,132912
2026-05-21 11:00:00,43.6200,146206
2026-05-22 11:00:00,43.4500,174006
